{
  "providers": {
    "awscloudformation": {
      "AuthRoleName": "amplify-plantie-dev-05638-authRole",
      "UnauthRoleArn": "arn:aws:iam::748329367518:role/amplify-plantie-dev-05638-unauthRole",
      "AuthRoleArn": "arn:aws:iam::748329367518:role/amplify-plantie-dev-05638-authRole",
      "Region": "ap-southeast-1",
      "DeploymentBucketName": "amplify-plantie-dev-05638-deployment",
      "UnauthRoleName": "amplify-plantie-dev-05638-unauthRole",
      "StackName": "amplify-plantie-dev-05638",
      "StackId": "arn:aws:cloudformation:ap-southeast-1:748329367518:stack/amplify-plantie-dev-05638/5221f280-5acf-11ed-bc25-0606de96d000",
      "AmplifyAppId": "d2s9xj50g7zouc"
    }
  },
  "auth": {
    "plantiec0b765d2": {
      "service": "Cognito",
      "providerPlugin": "awscloudformation",
      "dependsOn": [],
      "customAuth": false,
      "frontendAuthConfig": {
        "socialProviders": [],
        "usernameAttributes": [],
        "signupAttributes": [
          "EMAIL"
        ],
        "passwordProtectionSettings": {
          "passwordPolicyMinLength": 8,
          "passwordPolicyCharacters": []
        },
        "mfaConfiguration": "OFF",
        "mfaTypes": [
          "SMS"
        ],
        "verificationMechanisms": [
          "EMAIL"
        ]
      },
      "output": {
        "UserPoolId": "ap-southeast-1_lYan4gWMl",
        "AppClientIDWeb": "1p3cppld8abj543p6kfu1ubbra",
        "AppClientID": "5fgca109aj1jjudsivskuf1tiq",
        "IdentityPoolId": "ap-southeast-1:6dce0767-cf03-41b4-a7df-4d054346f66e",
        "UserPoolArn": "arn:aws:cognito-idp:ap-southeast-1:748329367518:userpool/ap-southeast-1_lYan4gWMl",
        "IdentityPoolName": "plantiec0b765d2_identitypool_c0b765d2__dev",
        "UserPoolName": "plantiec0b765d2_userpool_c0b765d2"
      },
      "lastPushTimeStamp": "2022-11-27T13:27:22.885Z",
      "providerMetadata": {
        "s3TemplateURL": "https://s3.amazonaws.com/amplify-plantie-dev-05638-deployment/amplify-cfn-templates/auth/plantiec0b765d2-cloudformation-template.json",
        "logicalId": "authplantiec0b765d2"
      }
    }
  },
  "storage": {
    "planties3": {
      "service": "S3",
      "providerPlugin": "awscloudformation",
      "dependsOn": [],
      "output": {
        "BucketName": "plantie05638-dev",
        "Region": "ap-southeast-1"
      },
      "lastPushTimeStamp": "2022-11-27T13:27:22.947Z",
      "providerMetadata": {
        "s3TemplateURL": "https://s3.amazonaws.com/amplify-plantie-dev-05638-deployment/amplify-cfn-templates/storage/cloudformation-template.json",
        "logicalId": "storageplanties3"
      }
    },
    "Plantie": {
      "service": "DynamoDB",
      "providerPlugin": "awscloudformation",
      "providerMetadata": {
        "s3TemplateURL": "https://s3.amazonaws.com/amplify-plantie-dev-05638-deployment/amplify-cfn-templates/storage/Plantie-cloudformation-template.json",
        "logicalId": "storagePlantie"
      },
      "lastPushTimeStamp": "2022-11-27T13:27:22.960Z",
      "output": {
        "PartitionKeyName": "id",
        "Region": "ap-southeast-1",
        "Arn": "arn:aws:dynamodb:ap-southeast-1:748329367518:table/Plantie-dev",
        "StreamArn": "arn:aws:dynamodb:ap-southeast-1:748329367518:table/Plantie-dev/stream/2022-11-27T12:55:34.107",
        "PartitionKeyType": "S",
        "Name": "Plantie-dev"
      },
      "lastPushDirHash": "vUhlunR2YS9298YiSwmINr2HHgY="
    }
  },
  "function": {
    "plantie2ac44d9f": {
      "build": true,
      "providerPlugin": "awscloudformation",
      "service": "Lambda",
      "dependsOn": [
        {
          "category": "storage",
          "resourceName": "Plantie",
          "attributes": [
            "Name",
            "Arn"
          ],
          "attributeEnvMap": {
            "Name": "TABLE_NAME",
            "Arn": "TABLE_ARN"
          }
        }
      ],
      "lastBuildTimeStamp": "2022-11-27T13:26:15.858Z",
      "lastBuildType": "PROD",
      "lastPackageTimeStamp": "2022-11-27T13:26:17.653Z",
      "distZipFilename": "plantie2ac44d9f-716b36583470722b3773-build.zip",
      "s3Bucket": {
        "deploymentBucketName": "amplify-plantie-dev-05638-deployment",
        "s3Key": "amplify-builds/plantie2ac44d9f-716b36583470722b3773-build.zip"
      },
      "providerMetadata": {
        "s3TemplateURL": "https://s3.amazonaws.com/amplify-plantie-dev-05638-deployment/amplify-cfn-templates/function/plantie2ac44d9f-cloudformation-template.json",
        "logicalId": "functionplantie2ac44d9f"
      },
      "lastPushTimeStamp": "2022-11-27T13:27:23.468Z",
      "output": {
        "Region": "ap-southeast-1",
        "Arn": "arn:aws:lambda:ap-southeast-1:748329367518:function:plantie2ac44d9f-dev",
        "Name": "plantie2ac44d9f-dev",
        "LambdaExecutionRole": "plantieLambdaRolee19afee1-dev"
      },
      "lastPushDirHash": "VLni5ylAlnN2G/oSSOmGZJXDtT8="
    }
  },
  "api": {
    "Plantie": {
      "service": "API Gateway",
      "providerPlugin": "awscloudformation",
      "dependsOn": [
        {
          "category": "function",
          "resourceName": "plantie2ac44d9f",
          "attributes": [
            "Name",
            "Arn"
          ]
        }
      ],
      "providerMetadata": {
        "s3TemplateURL": "https://s3.amazonaws.com/amplify-plantie-dev-05638-deployment/amplify-cfn-templates/api/Plantie-cloudformation-template.json",
        "logicalId": "apiPlantie"
      },
      "lastPushTimeStamp": "2022-11-27T13:27:23.060Z",
      "output": {
        "ApiName": "Plantie",
        "RootUrl": "https://ve9tipz3yh.execute-api.ap-southeast-1.amazonaws.com/dev",
        "ApiId": "ve9tipz3yh"
      },
      "lastPushDirHash": "tz6IjHxj9IdsiYicu045Xdj4MsE="
    }
  }
}