{
  "auth": {
    "plantiec0b765d2": {
      "service": "Cognito",
      "providerPlugin": "awscloudformation",
      "dependsOn": [],
      "customAuth": false,
      "frontendAuthConfig": {
        "socialProviders": [],
        "usernameAttributes": [],
        "signupAttributes": [
          "EMAIL"
        ],
        "passwordProtectionSettings": {
          "passwordPolicyMinLength": 8,
          "passwordPolicyCharacters": []
        },
        "mfaConfiguration": "OFF",
        "mfaTypes": [
          "SMS"
        ],
        "verificationMechanisms": [
          "EMAIL"
        ]
      }
    }
  },
  "storage": {
    "planties3": {
      "service": "S3",
      "providerPlugin": "awscloudformation",
      "dependsOn": []
    },
    "Plantie": {
      "service": "DynamoDB",
      "providerPlugin": "awscloudformation"
    }
  },
  "function": {
    "plantie2ac44d9f": {
      "build": true,
      "providerPlugin": "awscloudformation",
      "service": "Lambda",
      "dependsOn": [
        {
          "category": "storage",
          "resourceName": "Plantie",
          "attributes": [
            "Name",
            "Arn"
          ],
          "attributeEnvMap": {
            "Name": "TABLE_NAME",
            "Arn": "TABLE_ARN"
          }
        }
      ]
    }
  },
  "api": {
    "Plantie": {
      "service": "API Gateway",
      "providerPlugin": "awscloudformation",
      "dependsOn": [
        {
          "category": "function",
          "resourceName": "plantie2ac44d9f",
          "attributes": [
            "Name",
            "Arn"
          ]
        }
      ]
    }
  }
}