{
  "version": "1",
  "cognitoConfig": {
    "identityPoolName": "plantiec0b765d2_identitypool_c0b765d2",
    "allowUnauthenticatedIdentities": false,
    "resourceNameTruncated": "plantic0b765d2",
    "userPoolName": "plantiec0b765d2_userpool_c0b765d2",
    "autoVerifiedAttributes": [
      "email"
    ],
    "mfaConfiguration": "OFF",
    "mfaTypes": [
      "SMS Text Message"
    ],
    "smsAuthenticationMessage": "Your authentication code is {####}",
    "smsVerificationMessage": "Your verification code is {####}",
    "emailVerificationSubject": "Your verification code",
    "emailVerificationMessage": "Your verification code is {####}",
    "defaultPasswordPolicy": false,
    "passwordPolicyMinLength": 8,
    "passwordPolicyCharacters": [],
    "requiredAttributes": [
      "email"
    ],
    "aliasAttributes": [],
    "userpoolClientGenerateSecret": false,
    "userpoolClientRefreshTokenValidity": 30,
    "userpoolClientWriteAttributes": [
      "email"
    ],
    "userpoolClientReadAttributes": [
      "email"
    ],
    "userpoolClientLambdaRole": "plantic0b765d2_userpoolclient_lambda_role",
    "userpoolClientSetAttributes": false,
    "sharedId": "c0b765d2",
    "resourceName": "plantiec0b765d2",
    "authSelections": "identityPoolAndUserPool",
    "useDefault": "default",
    "triggers": {},
    "userPoolGroupList": [],
    "serviceName": "Cognito",
    "usernameCaseSensitive": false,
    "useEnabledMfas": true
  }
} 